0.6162082544021783,-0.0014590594971369791
1.9340397705332457,0.013309141334800042
1.9340397705332457,0.009321778223710834
1.9340397705332457,-0.0016839784794464607
1.9340397705332457,0.01438528288089669
2.017624590538798,0.016193245863852013
2.017624590538798,0.019188523964484516
2.017624590538798,0.01340100777994112
2.017624590538798,0.011336222333699863
2.4825888869136197,0.0103123775958246
2.4825888869136197,0.015360741610776498
2.4825888869136197,0.03089751693330026
2.4825888869136197,0.02886125739447742
2.4825888869136197,0.0008350588547650654
2.4825888869136197,0.01131576302142608
2.4825888869136197,0.0298232081013341
2.4825888869136197,0.008698668300764606
2.4825888869136197,0.010751357670591374
2.4825888869136197,0.03107327523691552
2.782342473801586,0.022414425505832773
2.782342473801586,0.024398444645995446
2.782342473801586,0.0615590656811378
2.782342473801586,0.09568833290488359
3.360935073790409,0.027307406950581273
3.360935073790409,0.06288008904359571
3.360935073790409,0.059915446817619004
3.360935073790409,0.04567779611341182
3.360935073790409,0.06058533682910056
3.360935073790409,0.06223891152463574
3.360935073790409,0.1127760389365743
3.360935073790409,0.053391896616736115
3.360935073790409,0.034062482590492826
3.360935073790409,0.084468227721184
3.360935073790409,0.04984662122153654
3.360935073790409,0.06268052248843352
3.360935073790409,0.06828228487890407
3.360935073790409,-0.0022022203536041555
3.360935073790409,0.031085956547851932
3.68845572095216,0.07433235243049595
3.68845572095216,0.05274555060186024
3.68845572095216,0.06640443422126463
3.68845572095216,0.07106414285073237
3.68845572095216,0.10814511330690728
3.68845572095216,0.07885134875495264
3.68845572095216,0.12133238980629212
3.68845572095216,0.031062985043637237
3.68845572095216,0.08405417537417391
3.68845572095216,0.059536879258708736
3.68845572095216,0.008608620100890934
3.68845572095216,0.060784023392012033
3.68845572095216,0.10963876150361879
3.68845572095216,0.05023266301172334
3.68845572095216,0.0704824731083797
3.68845572095216,0.0719911110947368
3.68845572095216,0.12103177544506401
3.68845572095216,0.05745569380843656
3.68845572095216,0.08063079675286283
3.68845572095216,0.11518894589532946
3.68845572095216,0.07448383880191872
3.68845572095216,0.12995669356891487
3.68845572095216,0.09321293400995585
3.68845572095216,0.02820256911207276
3.68845572095216,0.09308944352819164
3.68845572095216,0.09326075761913287
3.68845572095216,0.10422398307177673
3.68845572095216,0.1008784904729115
3.68845572095216,0.0730259496171083
3.68845572095216,0.0536189409577527
3.68845572095216,0.07427837227362076
3.68845572095216,0.0628821535409053
3.68845572095216,0.06180295049285174
3.68845572095216,0.08166225223146277
3.68845572095216,0.05620731664977926
3.68845572095216,0.09158172934613548
3.68845572095216,0.09718428370428979
3.68845572095216,0.09220574451530411
3.68845572095216,0.10040245546515544
3.68845572095216,0.04672833841585274
3.68845572095216,0.07134170166859204
3.68845572095216,0.06920173375950556
3.68845572095216,0.07245738501827638
3.68845572095216,0.09327810761591256
3.68845572095216,0.0774821768855262
3.68845572095216,0.06800682937907794
3.68845572095216,0.0916333754285804
3.68845572095216,0.09705519606764586
3.68845572095216,0.05795210082487843
3.68845572095216,0.07659266145818662
3.68845572095216,0.054290819755244316
3.68845572095216,0.07773626548071064
3.68845572095216,0.0760995232982749
3.68845572095216,0.12295293660044138
3.68845572095216,0.1273160907840318
3.68845572095216,0.10087274853757237
3.68845572095216,0.10782743310875902
3.68845572095216,0.10503763683871194
3.68845572095216,0.11125520114717759
3.68845572095216,0.03837112549760256
3.68845572095216,0.06981444717782334
3.68845572095216,0.04959565456414185
3.68845572095216,0.04918287665586521
3.68845572095216,0.05910641859161472
3.68845572095216,0.031362313177656226
3.68845572095216,0.09263281985158549
3.68845572095216,0.054792182884612496
3.68845572095216,0.08272302659830265
3.68845572095216,0.11994869364895905
3.68845572095216,0.09672465833812897
3.68845572095216,0.06735431099652045
3.68845572095216,0.0985862460563923
3.68845572095216,0.0889197352233837
3.68845572095216,0.0907267699122649
3.68845572095216,0.07433179213719189
3.68845572095216,0.09053945534407098
3.68845572095216,0.06046660359339758
3.68845572095216,0.04644381756514091
3.68845572095216,0.11191668031857879
3.68845572095216,0.049544615460067186
3.68845572095216,0.052955370944992655
3.68845572095216,0.07779838236436332
3.68845572095216,0.09381088317550638
3.68845572095216,0.09343086838252702
3.68845572095216,0.06894588264474209
3.68845572095216,0.06959819393933728
3.68845572095216,0.08385519688227497
3.68845572095216,0.055024162156219004
3.68845572095216,0.06582255341927738
3.68845572095216,0.0796017365509721
3.68845572095216,0.03957937018830644
3.68845572095216,0.0923377916417409
3.68845572095216,0.07474121625050491
3.68845572095216,0.06465797741614614
3.68845572095216,0.047948619310338454
3.68845572095216,0.06466588776889358
3.68845572095216,0.04606842939102451
3.68845572095216,0.10892277201308156
3.68845572095216,0.06532041709015275
3.68845572095216,0.08386560709656149
3.68845572095216,0.03628422381558059
3.68845572095216,0.05103146364149757
3.68845572095216,0.10806802022035104
3.68845572095216,0.09756367779308461
3.68845572095216,0.14425675316017142
3.68845572095216,0.02353727572945028
3.68845572095216,0.10922881373030059
3.68845572095216,0.06147255220211274
3.68845572095216,0.11289442631667726
3.68845572095216,0.07839573808936381
3.68845572095216,0.09542850951834361
3.68845572095216,0.12917130094072482
3.68845572095216,0.09939642188535634
3.68845572095216,0.1306999723946179
3.68845572095216,0.0801095657955663
3.68845572095216,0.12896622660223134
3.9880340160243706,0.09725746331955396
3.9880340160243706,0.09600735007219277
3.9880340160243706,0.05214405728822212
3.9880340160243706,0.0996505950321093
3.9880340160243706,0.06551755350747596
3.9880340160243706,0.08918543102686678
3.9880340160243706,0.11309819729410092
3.9880340160243706,0.12044139447339089
3.9880340160243706,0.10590380527045436
3.9880340160243706,0.06696195487714988
3.9880340160243706,0.06254445541373091
3.9880340160243706,0.07668120258080438
3.9880340160243706,0.06764066918939982
3.9880340160243706,0.03598900932877278
3.9880340160243706,0.12540613265497688
3.9880340160243706,0.033302180504024066
3.9880340160243706,0.09612038988560102
3.9880340160243706,0.09357416684397875
3.9880340160243706,0.08842019056881412
3.9880340160243706,0.12904738049110878
3.9880340160243706,0.14872171146614194
3.9880340160243706,0.06885219626003367
3.9880340160243706,0.13283554311802576
3.9880340160243706,0.14688223613307902
3.9880340160243706,0.1270365335986261
3.9880340160243706,0.09539576468687228
3.9880340160243706,0.12527112607425414
3.9880340160243706,0.15047734131866605
3.9880340160243706,0.12202219140787444
3.9880340160243706,0.0858072734599899
3.9880340160243706,0.15279287040661577
3.9880340160243706,0.19983713980626797
3.9880340160243706,0.17367683304060313
3.9880340160243706,0.08955999819786505
3.9880340160243706,0.12198925851235096
3.9880340160243706,0.13341167148369049
3.9880340160243706,0.15019561705618129
3.9880340160243706,0.10419391225935881
3.9880340160243706,0.08720966683394532
3.9880340160243706,0.12410398148338767
3.9880340160243706,0.07858234175004783
3.9880340160243706,0.12891443306356082
3.9880340160243706,0.14893517496693745
3.9880340160243706,0.15967145330022633
3.9880340160243706,0.1271022403133593
3.9880340160243706,0.13167292998803728
3.9880340160243706,0.11584092053701821
3.9880340160243706,0.08976531624377564
3.9880340160243706,0.05725319680174599
3.9880340160243706,0.04797998514705197
3.9880340160243706,0.05332808793574993
3.9880340160243706,0.11793610250790401
3.9880340160243706,0.16404509178551302
3.9880340160243706,0.18087847197268422
3.9880340160243706,0.12818891872357574
3.9880340160243706,0.14277721870472806
3.9880340160243706,0.1795061663452679
4.190814784510397,0.11104305679364991
4.190814784510397,0.1002089635271072
4.190814784510397,0.12701646243991885
4.190814784510397,0.10977978627856004
4.190814784510397,0.14427641314157022
4.190814784510397,0.10557790765873622
4.190814784510397,0.08583780370673728
4.190814784510397,0.08344050393483803
4.190814784510397,0.061884998272265304
4.190814784510397,0.07381812369209047
4.190814784510397,0.11184462500271995
4.190814784510397,0.15168523460258374
4.190814784510397,0.09362875901431413
4.190814784510397,0.11671304700097826
4.190814784510397,0.12744626966819514
4.190814784510397,0.06595696770746434
4.190814784510397,0.14331121818223913
4.190814784510397,0.13398837210726117
4.190814784510397,0.11001240952376264
4.190814784510397,0.08160428948619883
4.373529976293802,0.12306715341854006
4.873699751776502,0.1592500444396005
4.873699751776502,0.11480030126428176
4.873699751776502,0.1311776468854328
4.873699751776502,0.09259064106891013
4.873699751776502,0.09313012384441176
4.873699751776502,0.10226540592082424
4.873699751776502,0.09802280064385037
4.873699751776502,0.08589341471153719
4.873699751776502,0.16631042423790499
4.873699751776502,0.1551998067716388
4.873699751776502,0.1660916037043995
4.873699751776502,0.1351410507590305
4.873699751776502,0.11019097903605865
4.873699751776502,0.1304300003978809
4.873699751776502,0.14321169282792556
4.873699751776502,0.17042055250314717
4.873699751776502,0.13871049802569496
4.873699751776502,0.2030975386947098
4.873699751776502,0.17124202242895542
4.873699751776502,0.14541995130507024
4.873699751776502,0.11267792755062432
4.873699751776502,0.1657608090166507
4.873699751776502,0.15075830474133306
4.873699751776502,0.203012135842592
4.873699751776502,0.14042333220368466
4.873699751776502,0.1808700857721401
4.873699751776502,0.2058383529034662
4.873699751776502,0.1498274434796474
4.873699751776502,0.14550071330954423
4.873699751776502,0.14403156024718974
4.873699751776502,0.15983238155180227
4.873699751776502,0.20826868403193982
4.873699751776502,0.14930934290310074
4.873699751776502,0.13842703294147773
4.873699751776502,0.09924450759605945
4.873699751776502,0.18543858084432455
4.873699751776502,0.13382447068782596
4.873699751776502,0.16252736847028354
4.873699751776502,0.12209725347230119
4.873699751776502,0.15129672520221757
4.873699751776502,0.18593437505049837
4.873699751776502,0.13196878868685777
4.873699751776502,0.16555931373620658
4.873699751776502,0.11941224404017582
4.873699751776502,0.11371833418709346
4.873699751776502,0.13529884294106273
4.873699751776502,0.14734537411777587
4.873699751776502,0.16699145486505249
4.873699751776502,0.17344845514746793
4.873699751776502,0.23430860327782213
4.873699751776502,0.15016896205670988
4.873699751776502,0.16196864467618177
4.873699751776502,0.21170164553081788
4.873699751776502,0.1757578258231647
4.873699751776502,0.15565712294197626
4.873699751776502,0.13362558016361611
4.873699751776502,0.11170312733533694
4.873699751776502,0.1850125244207268
4.873699751776502,0.11991478189167779
4.873699751776502,0.14652920741414008
4.873699751776502,0.12449233021813046
4.873699751776502,0.13568199286234217
4.873699751776502,0.19106657080030545
4.873699751776502,0.19350085735168268
4.873699751776502,0.16473086279010116
4.873699751776502,0.1372691035702177
4.873699751776502,0.1270066847677735
4.873699751776502,0.15303437683888052
4.873699751776502,0.2056940777774586
4.873699751776502,0.10895970170407049
4.873699751776502,0.1650267597456003
4.873699751776502,0.15454847702177446
4.873699751776502,0.18734248807983594
4.873699751776502,0.22625183290241277
4.873699751776502,0.15208105327778518
4.873699751776502,0.1223880620025663
4.873699751776502,0.17665864946016663
4.873699751776502,0.14308774050084797
4.873699751776502,0.18805966819217065
4.873699751776502,0.13496365186920012
4.873699751776502,0.17507401668482866
4.873699751776502,0.06354488700986716
4.873699751776502,0.13261000703170506
4.873699751776502,0.12307698246559738
4.873699751776502,0.17732344673738953
4.873699751776502,0.12652292987316383
4.873699751776502,0.10940351435317754
4.873699751776502,0.14434396752591472
4.873699751776502,0.11291239941431556
4.873699751776502,0.19871902962929225
4.873699751776502,0.158316212102586
4.873699751776502,0.16232481329049547
4.873699751776502,0.196260479641601
4.873699751776502,0.16851895359997762
4.873699751776502,0.13278248769725345
4.873699751776502,0.1590343797008982
4.873699751776502,0.1578245891145128
4.873699751776502,0.19150022257958801
4.873699751776502,0.15605062302549827
4.873699751776502,0.1595805458037871
4.873699751776502,0.1653080494103183
4.873699751776502,0.18984246491164103
4.873699751776502,0.2162995177574073
4.873699751776502,0.23184972449494798
4.873699751776502,0.2221337913452289
4.873699751776502,0.16444667497330467
4.873699751776502,0.1713701430787095
4.873699751776502,0.1912159945646436
4.873699751776502,0.1674884211408234
4.873699751776502,0.16573152741284303
4.873699751776502,0.16715217019507148
4.873699751776502,0.17534787774371877
4.873699751776502,0.16937405322878574
4.873699751776502,0.17433641347401174
4.873699751776502,0.15334269185101868
4.873699751776502,0.1473948211195807
4.873699751776502,0.1740583815380736
4.873699751776502,0.17860199061241938
4.873699751776502,0.17213753171911092
4.873699751776502,0.16303003904913055
4.873699751776502,0.17741288432710156
4.873699751776502,0.1699741251927775
4.873699751776502,0.14860922771577115
4.873699751776502,0.11629567441450031
4.873699751776502,0.16274087533379444
4.873699751776502,0.20365118845587799
4.873699751776502,0.08653123739954603
4.873699751776502,0.12297086907082252
4.873699751776502,0.15699539824573483
4.873699751776502,0.16149139392164125
4.873699751776502,0.13179146727303817
4.873699751776502,0.16815814599872675
4.873699751776502,0.162767420926379
4.873699751776502,0.11759471006258591
4.873699751776502,0.16630753491508143
4.873699751776502,0.15770198032771654
4.873699751776502,0.21015047678160892
4.873699751776502,0.16612176661308461
4.873699751776502,0.18832870359143064
4.873699751776502,0.21536827959467686
4.873699751776502,0.18914467367644144
4.873699751776502,0.20859574851192347
4.873699751776502,0.18282647223342183
4.873699751776502,0.15085441129004723
4.873699751776502,0.12645321066787257
4.873699751776502,0.13319096270454597
4.873699751776502,0.10831048484952994
4.873699751776502,0.1172946363036636
4.873699751776502,0.12290448422863849
4.873699751776502,0.16910292658816195
4.873699751776502,0.1685805620913806
4.873699751776502,0.1579647590372712
4.873699751776502,0.20193510674184
4.873699751776502,0.13838492705494557
4.873699751776502,0.18912565242371304
4.873699751776502,0.21574126352190073
4.873699751776502,0.1320426106784097
4.873699751776502,0.17944596103420365
4.873699751776502,0.17741938769428503
4.873699751776502,0.13829542444954876
4.873699751776502,0.15405501612544917
4.873699751776502,0.17640845914004938
4.873699751776502,0.18762866297843742
4.873699751776502,0.17803864939108643
4.873699751776502,0.19922721480117153
4.873699751776502,0.16367231339494406
4.873699751776502,0.20224990524584815
4.873699751776502,0.21211539323707934
4.873699751776502,0.21299317907699278
4.873699751776502,0.13280281131150196
4.873699751776502,0.21076640710618103
4.873699751776502,0.15897544378976874
4.873699751776502,0.1412591276596513
4.873699751776502,0.17849142102633736
4.873699751776502,0.15969723725019702
4.873699751776502,0.13873727784676393
4.873699751776502,0.14848684634550832
4.873699751776502,0.13312541954231935
4.873699751776502,0.15154927471444257
4.873699751776502,0.08308566018427031
4.873699751776502,0.16217751880279985
4.873699751776502,0.12462250119497827
4.873699751776502,0.14751750712657485
4.873699751776502,0.10938916699149101
4.873699751776502,0.1414824714734474
4.873699751776502,0.11587235089448777
4.873699751776502,0.18566595567117292
4.873699751776502,0.1648518460651716
4.873699751776502,0.12859337849511474
4.873699751776502,0.18830532050134136
4.873699751776502,0.1587745467664105
4.873699751776502,0.15754049613349674
4.873699751776502,0.19436453943696358
4.873699751776502,0.15064063174629025
4.873699751776502,0.12795777782553983
4.873699751776502,0.1933386329815976
4.873699751776502,0.14482869103598095
4.873699751776502,0.17825673095628738
4.873699751776502,0.23049420148402036
4.873699751776502,0.20885096197184172
4.873699751776502,0.21428523032254332
4.873699751776502,0.2691901834418396
4.873699751776502,0.2504060449818766
4.873699751776502,0.2523577033722709
4.873699751776502,0.24223834518639037
4.873699751776502,0.19555155876952135
4.873699751776502,0.22410298303652856
4.873699751776502,0.21198259580155554
4.873699751776502,0.1891327376742367
4.873699751776502,0.14544604119406665
4.873699751776502,0.16554726906004288
4.873699751776502,0.22556192585097995
4.873699751776502,0.18839574542782572
4.873699751776502,0.15879794725966065
4.873699751776502,0.169149571821071
4.873699751776502,0.1850919910132786
4.873699751776502,0.20951353383355498
4.873699751776502,0.19093448314327727
4.873699751776502,0.20637961718105002
4.873699751776502,0.18173335834467344
4.873699751776502,0.16759480414225467
4.873699751776502,0.15221190026475745
4.873699751776502,0.2083055349958224
4.873699751776502,0.16619837709155671
4.873699751776502,0.18992091192281785
4.873699751776502,0.1466122714590926
4.873699751776502,0.1938351007817075
4.873699751776502,0.21554312032864942
4.873699751776502,0.20183937777707708
4.873699751776502,0.1829079992311448
4.873699751776502,0.19894777348311354
4.873699751776502,0.21823683914815356
4.873699751776502,0.19470582257647487
4.873699751776502,0.2794317654259021
4.873699751776502,0.2470366422701535
4.873699751776502,0.2693465905533775
4.873699751776502,0.2124506625843767
4.873699751776502,0.2586772029971746
4.873699751776502,0.21819790691727226
4.873699751776502,0.25438878301852785
4.873699751776502,0.23589873581539186
4.873699751776502,0.23585584510944316
4.873699751776502,0.2703801057689376
4.873699751776502,0.2810504833180577
4.873699751776502,0.27182392079598555
4.873699751776502,0.29024819789209233
4.873699751776502,0.19891565076243076
4.873699751776502,0.22526944153994932
4.873699751776502,0.16698753882233508
4.873699751776502,0.20907263639094975
4.873699751776502,0.25919896922373536
4.873699751776502,0.2949711741613759
4.873699751776502,0.25551430849506607
4.873699751776502,0.26654372109608243
4.873699751776502,0.22924494722780517
4.873699751776502,0.18552827876498268
4.873699751776502,0.21531520463700862
4.873699751776502,0.19465342256247128
4.873699751776502,0.18251524495622357
4.873699751776502,0.2142045567445236
4.873699751776502,0.1883207479690632
4.873699751776502,0.150936287711324
4.873699751776502,0.17533362133558836
4.873699751776502,0.17495926618498628
4.873699751776502,0.2591938146776337
4.873699751776502,0.2069696323310053
4.873699751776502,0.23241226859036895
4.873699751776502,0.23022034220727813
4.873699751776502,0.17444996366366572
4.873699751776502,0.21844790797196856
4.873699751776502,0.1714629886678357
4.873699751776502,0.19828231666675789
4.873699751776502,0.24608639106924818
4.873699751776502,0.18215812637316722
4.873699751776502,0.17286722767882076
4.873699751776502,0.18168852423367565
4.873699751776502,0.14899000027762868
4.873699751776502,0.1692982008526051
4.873699751776502,0.21058703146677346
4.873699751776502,0.1906821212053785
4.873699751776502,0.16803791780258362
4.873699751776502,0.12102147465392443
4.873699751776502,0.1761778977803033
4.873699751776502,0.1502782646603971
4.873699751776502,0.15927239564085482
4.873699751776502,0.13675691522534006
4.873699751776502,0.09631152073589411
4.873699751776502,0.19121549031685262
4.873699751776502,0.1518790631822211
4.873699751776502,0.1749895531743353
4.873699751776502,0.14599543132520224
4.873699751776502,0.1893647416820242
4.873699751776502,0.22173939520294633
4.873699751776502,0.23333362652392603
4.873699751776502,0.15805047324336804
4.873699751776502,0.23652527472677895
4.873699751776502,0.1751689806105326
4.873699751776502,0.21924045793727118
4.873699751776502,0.15628264507896775
4.873699751776502,0.13821766294753
4.873699751776502,0.14873361783276984
4.873699751776502,0.2004281441234749
4.873699751776502,0.1480396264127827
4.873699751776502,0.13129197978596252
4.873699751776502,0.13571870029274136
4.873699751776502,0.2063877960529908
4.873699751776502,0.1487614248817899
4.873699751776502,0.15627533948602643
4.873699751776502,0.20212082445541557
4.873699751776502,0.15978199575581056
4.873699751776502,0.17329693199179572
4.873699751776502,0.14984120019140793
4.873699751776502,0.15903683303202631
4.873699751776502,0.1735597462822047
4.873699751776502,0.10764944813981613
4.873699751776502,0.128950304797655
4.873699751776502,0.13546013256176834
4.873699751776502,0.10794051343021037
4.873699751776502,0.16881052933156296
4.873699751776502,0.0983924474282984
4.873699751776502,0.09704802987086611
4.873699751776502,0.09912130337952756
4.873699751776502,0.11973090398880991
4.873699751776502,0.10833496047521333
4.873699751776502,0.10970052736737003
4.873699751776502,0.1309125089739869
4.873699751776502,0.12672747865786071
4.873699751776502,0.14428166820449428
4.873699751776502,0.13452318132453192
4.873699751776502,0.12262671774385114
4.873699751776502,0.15552742529322236
4.873699751776502,0.15215906623270664
4.873699751776502,0.11782614823491028
4.873699751776502,0.11814825495486538
4.873699751776502,0.14076734858464277
4.873699751776502,0.15969634543931777
4.873699751776502,0.1109324832007465
4.873699751776502,0.13507899998668252
4.873699751776502,0.14226037883118908
4.873699751776502,0.11406727983068521
4.873699751776502,0.11322126486303614
4.873699751776502,0.1589635373466938
4.873699751776502,0.1534064985030489
4.873699751776502,0.12337192389591843
4.873699751776502,0.18050899967949469
4.873699751776502,0.1376032538513904
4.873699751776502,0.07661280151189925
4.873699751776502,0.10367862611424787
4.873699751776502,0.1335024613129283
4.873699751776502,0.14839054062388643
4.873699751776502,0.09455362178204074
4.873699751776502,0.19146763560361926
4.873699751776502,0.1204887675885431
4.873699751776502,0.15434022806142741
4.873699751776502,0.12239604268177838
4.873699751776502,0.142966936301555
4.873699751776502,0.1570284960161175
4.873699751776502,0.17147247782755984
4.873699751776502,0.1811420418418482
4.873699751776502,0.18898124080573495
4.873699751776502,0.164242498511913
4.873699751776502,0.15386796856421492
4.873699751776502,0.2296151118000483
4.873699751776502,0.13768458287769497
4.873699751776502,0.15524318022683128
4.873699751776502,0.20484145662306835
4.873699751776502,0.1936485356901111
4.873699751776502,0.1731123384980088
4.873699751776502,0.18193555453783217
4.873699751776502,0.22269538836087036
4.873699751776502,0.2359659484560603
4.873699751776502,0.15782251170623243
4.873699751776502,0.1735330100309741
4.873699751776502,0.2064403340025432
4.873699751776502,0.273824334770916
4.873699751776502,0.23180817838655846
4.873699751776502,0.19916716581153285
4.873699751776502,0.18858297842743266
4.873699751776502,0.16751803879968952
4.873699751776502,0.10298502827510843
4.873699751776502,0.19119227893449905
4.873699751776502,0.1712140182006743
4.873699751776502,0.16633578411481736
4.873699751776502,0.14142595325117358
4.873699751776502,0.18404434629200692
4.873699751776502,0.09419923594733194
4.873699751776502,0.14364737629467292
4.873699751776502,0.1616106441619849
4.873699751776502,0.15289488098249054
4.873699751776502,0.12351206267716684
4.873699751776502,0.1560562118948132
4.873699751776502,0.19009945202400402
4.873699751776502,0.1343395088308181
4.873699751776502,0.2023612017896802
4.873699751776502,0.23211662403988054
4.873699751776502,0.23058312657027827
4.873699751776502,0.20388622873172063
4.873699751776502,0.18203625847499075
4.873699751776502,0.22045284326203093
4.873699751776502,0.20197941273830472
4.873699751776502,0.23148539893049752
4.873699751776502,0.1761880659381177
4.873699751776502,0.20588570034848974
4.873699751776502,0.2547305536880374
4.873699751776502,0.25095009885661024
4.873699751776502,0.26849340501648383
4.873699751776502,0.20432717764859773
4.873699751776502,0.19464695622703496
4.873699751776502,0.18465557120269357
4.873699751776502,0.1993321686030383
4.873699751776502,0.23139232805012255
4.873699751776502,0.19789576501989722
4.873699751776502,0.2145504680960911
4.873699751776502,0.20973050157879278
4.873699751776502,0.23337226153021026
4.873699751776502,0.20127473555438818
4.873699751776502,0.24796511336871277
4.873699751776502,0.22651766391030004
4.873699751776502,0.25372249216640425
4.873699751776502,0.2439425255765327
4.873699751776502,0.20463485960338115
4.873699751776502,0.27851714779883846
4.873699751776502,0.2360985415613243
4.873699751776502,0.222524399266388
4.873699751776502,0.26440476025044335
4.873699751776502,0.3449869541117161
4.873699751776502,0.2254084196715326
4.873699751776502,0.2681423587388266
4.873699751776502,0.2019729815742777
4.873699751776502,0.23900275854167619
4.873699751776502,0.2844203746552543
4.873699751776502,0.2440567191323802
4.873699751776502,0.28143549352608893
4.873699751776502,0.3133186693896071
4.873699751776502,0.29503969698476207
4.873699751776502,0.3419442479471517
4.873699751776502,0.30510297503640577
4.873699751776502,0.3532774971383984
4.873699751776502,0.26153157037755054
4.873699751776502,0.29786207461171227
4.873699751776502,0.2752876655306333
4.873699751776502,0.28610905347530485
4.873699751776502,0.3413393224188567
4.873699751776502,0.30421915675529215
4.873699751776502,0.4069210423618832
4.873699751776502,0.3301048696616861
4.873699751776502,0.3247348555963714
4.873699751776502,0.4312658369282714
4.873699751776502,0.4098412362247644
4.873699751776502,0.4498766744315061
4.873699751776502,0.472557694567487
4.873699751776502,0.47560498621756714
4.873699751776502,0.4370829592579429
4.873699751776502,0.47598785437363034
4.873699751776502,0.4758679741137618
4.873699751776502,0.43243311719407745
4.873699751776502,0.50347647362228
4.873699751776502,0.47968835281421623
4.873699751776502,0.5023617812692865
4.873699751776502,0.5962578112654909
4.873699751776502,0.6620822805126659
4.873699751776502,0.6203556063233797
4.873699751776502,0.7115382717451403
4.873699751776502,0.800440373337072
4.873699751776502,0.5985458246773319
4.873699751776502,0.6507863680443615
4.873699751776502,0.6645040646492438
4.873699751776502,0.7202925775427431
4.873699751776502,0.7510099143074426
4.873699751776502,0.6980008086911883
4.873699751776502,0.595413606113028
4.873699751776502,0.5985473561610805
4.873699751776502,0.6062267102311397
4.873699751776502,0.5699741460002155
4.873699751776502,0.6074603599261779
4.873699751776502,0.6119865996113806
4.873699751776502,0.757172471205679
4.873699751776502,0.8216545198761233
4.873699751776502,0.8075066711996097
4.873699751776502,0.803250725873165
4.873699751776502,0.705020604776148
4.873699751776502,0.6867921206262374
4.873699751776502,0.674008830675807
4.873699751776502,0.7527191298173325
4.873699751776502,0.7601718921529741
4.873699751776502,0.7475382651299415
4.873699751776502,0.8544827191973174
4.873699751776502,0.7841876944931889
4.873699751776502,0.7887920907096116
4.873699751776502,0.7666157569052469
4.873699751776502,0.8733730389657967
4.873699751776502,0.8334286192048899
4.873699751776502,0.6771143323621274
4.873699751776502,0.6495430072544802
4.873699751776502,0.7019312319292587
4.873699751776502,0.8300307833884826
4.873699751776502,0.8185597464062405
4.873699751776502,0.8414532766082989
4.873699751776502,0.6583524022539285
4.873699751776502,0.8742458602709464
4.873699751776502,0.9001103432082644
4.873699751776502,0.8780277684984823
4.873699751776502,0.8165487809201152
4.873699751776502,0.7645672170476175
4.873699751776502,0.7610583640195633
4.873699751776502,0.7338384117597224
4.873699751776502,0.7680683182358162
4.873699751776502,0.7460660321437029
4.873699751776502,0.9151271077168601
4.873699751776502,0.915945439328393
4.873699751776502,1.0620860972272355
4.873699751776502,0.9909464048507247
4.873699751776502,1.049935831209814
4.873699751776502,1.1551368639650839
4.873699751776502,1.0870349901645973
4.873699751776502,1.0278548013754085
4.873699751776502,0.9515339806643378
4.873699751776502,0.8886238937962643
4.873699751776502,1.0018405543768438
4.873699751776502,0.8711961672778191
4.873699751776502,0.9821075170961149
4.873699751776502,0.8862110473124474
4.873699751776502,1.0384100837620525
4.873699751776502,0.9379585010143775
4.873699751776502,0.8294172934699638
4.873699751776502,1.060059764667781
4.873699751776502,0.9790100477691575
4.873699751776502,1.009706114360779
4.873699751776502,0.9488367748653452
4.873699751776502,1.0691243587594672
4.873699751776502,1.0294948028238111
4.873699751776502,1.160971413041016
4.873699751776502,1.0320255891033172
4.873699751776502,0.9844256313057048
4.873699751776502,1.0382912637456883
4.873699751776502,0.9953974832127637
4.873699751776502,0.9960855987911024
4.873699751776502,0.9833990979942591
4.873699751776502,0.871765055492193
4.873699751776502,0.8481844475634723
4.873699751776502,1.0799506702811918
4.873699751776502,1.1136714580884075
4.873699751776502,0.9306191882582704
4.873699751776502,0.9174242452440787
4.873699751776502,1.0834517342004688
4.873699751776502,1.095177213050517
4.873699751776502,1.0014490208658156
4.873699751776502,0.9613524001423531
4.873699751776502,1.0870382644117071
4.873699751776502,1.0658840739903641
4.873699751776502,1.1266140813604637
4.873699751776502,1.1306891011724574
4.873699751776502,1.095286832926744
4.873699751776502,0.9355686497224023
4.873699751776502,1.0845672390017578
4.873699751776502,1.0581053565014598
4.873699751776502,1.0304051200646387
4.873699751776502,0.9497237052495578
4.873699751776502,0.9916191496482154
4.873699751776502,1.113120025638358
4.873699751776502,1.20101465961161
4.873699751776502,1.2962778611564165
4.873699751776502,1.2323815856027764
4.873699751776502,1.2576689317810639
4.873699751776502,0.9916895224792628
4.873699751776502,1.0066670870994743
4.873699751776502,1.0385555814033878
4.873699751776502,0.999055692603458
4.873699751776502,0.9967152398866655
4.873699751776502,0.9634322260674095
4.873699751776502,0.9098447468765949
4.873699751776502,1.056998238910463
4.873699751776502,0.8108980112264721
4.873699751776502,0.9545615059845557
4.873699751776502,0.8851925032455867
4.873699751776502,0.8824372502689312
4.873699751776502,0.9366632049211246
4.873699751776502,1.1522403466788251
4.873699751776502,1.1048708194538617
4.873699751776502,0.9878777887700253
4.873699751776502,0.9919115161385461
4.873699751776502,1.123331605248867
4.873699751776502,1.1229493074448633
4.873699751776502,1.1121955907049317
4.873699751776502,0.9360251040555609
4.873699751776502,0.9890787867888984
4.873699751776502,1.266495659264583
4.873699751776502,0.9629045967077882
4.873699751776502,0.8577119256875714
4.873699751776502,1.1607139430479982
4.873699751776502,1.1115967379950202
4.873699751776502,1.1472071102661372
4.873699751776502,1.2961646030376472
4.873699751776502,1.1604327731397155
4.873699751776502,1.3066389798300304
4.873699751776502,1.0398271444411407
4.873699751776502,1.1849847894207057
4.873699751776502,1.0080316106464335
4.873699751776502,1.2329680656916986
4.873699751776502,1.1682846995315115
4.873699751776502,1.1659635402156614
4.873699751776502,1.094711584029712
4.873699751776502,0.9599800336639975
4.873699751776502,1.2618233030200452
4.873699751776502,1.2482811264649558
4.873699751776502,1.2238495533176321
4.873699751776502,1.1229830118188957
4.873699751776502,0.9762918446438491
4.873699751776502,1.0685050839004828
4.873699751776502,1.1566006421592832
4.873699751776502,1.0966120921107088
4.873699751776502,1.0434024785899818
4.873699751776502,1.1337432338819673
4.873699751776502,1.0255783799426328
4.873699751776502,1.0361487004993812
4.873699751776502,1.3024093310841547
4.873699751776502,1.2580650510343219
4.873699751776502,1.3505429114080458
4.873699751776502,1.2364836494274665
4.873699751776502,1.3848468934726739
4.873699751776502,1.1955560744407534
4.873699751776502,1.1303638088320647
4.873699751776502,1.406478113690831
4.873699751776502,1.2117296332502319
4.873699751776502,1.1499003582028455
4.873699751776502,1.0030156499622778
4.873699751776502,1.0042588043721745
4.873699751776502,1.1262413926069197
4.873699751776502,1.0144497619836932
4.873699751776502,1.0000512483294666
4.873699751776502,0.9929493230632169
4.873699751776502,1.1499111702432
4.873699751776502,1.0426729435027946
4.873699751776502,0.9578635865749793
4.873699751776502,1.0949152366005726
4.873699751776502,1.1738019453570676
4.873699751776502,1.0376744326235678
4.873699751776502,1.0213806784332444
4.873699751776502,1.0640230168451
4.873699751776502,1.150195488531747
4.873699751776502,1.1784818398632022
4.873699751776502,1.060633717327776
4.873699751776502,1.0825463206335189
4.873699751776502,1.2621511101806464
4.873699751776502,1.3120840592174505
4.873699751776502,1.1681794834996202
4.873699751776502,1.1594188902657947
4.873699751776502,1.2255277476123365
4.873699751776502,1.2634513520076327
4.873699751776502,1.131221386250927
4.873699751776502,1.2048523795669863
4.873699751776502,1.2624985865466694
4.873699751776502,1.2307226559957258
4.873699751776502,1.152752095210021
4.873699751776502,1.098909821706755
4.873699751776502,1.0015341081651175
4.873699751776502,1.17272440883846
4.873699751776502,1.0270841231566508
4.873699751776502,1.3072708177115318
4.873699751776502,1.1904996092332376
4.873699751776502,1.16362225266581
4.873699751776502,1.13084760167671
4.873699751776502,1.1647437988830969
4.873699751776502,1.1634617305424528
4.873699751776502,1.25850290425078
4.873699751776502,1.0952330569153959
4.873699751776502,0.9573738157668252
4.873699751776502,0.995111662303687
4.873699751776502,1.0865598490893524
4.873699751776502,1.2276137061047603
4.873699751776502,1.2037618426996637
4.873699751776502,1.3373771835752297
4.873699751776502,1.2249479845888385
4.873699751776502,1.1843301956733072
4.873699751776502,1.1166556100954288
4.873699751776502,1.1039799125025394
4.873699751776502,1.1800625483569946
4.873699751776502,1.082660313336975
4.873699751776502,1.0832154882512341
4.873699751776502,0.8247070396601345
4.873699751776502,1.1545876690263754
4.873699751776502,1.095087184335445
4.873699751776502,1.0213214099407881
4.873699751776502,1.0249087515911353
4.873699751776502,1.2513422702545078
4.873699751776502,1.1291329537664825
4.873699751776502,1.3044769126285145
4.873699751776502,1.0752234595905845
4.873699751776502,1.2177476031972032
4.873699751776502,1.2111721015906827
4.873699751776502,1.0798814739534828
4.873699751776502,0.9915736874584496
4.873699751776502,1.1540993731207698
4.873699751776502,1.09930631218024
4.873699751776502,1.1985867985206422
4.873699751776502,1.0719985543075856
4.873699751776502,1.2706030078813233
4.873699751776502,1.1792397694840673
4.873699751776502,0.9389844831756122
4.873699751776502,1.0680340434002131
4.873699751776502,1.105284374126364
4.873699751776502,1.140255786856506
4.873699751776502,1.2588561127667601
4.873699751776502,1.2181211432057915
4.873699751776502,1.2127098465248831
4.873699751776502,1.1805046328685698
4.873699751776502,1.1070755186401888
4.873699751776502,1.2104574190239201
4.873699751776502,1.1242650931662603
4.873699751776502,1.069747229809359
4.873699751776502,1.2217946582032626
4.873699751776502,1.3183522292501393
4.873699751776502,1.1433020357993797
4.873699751776502,1.337044211329168
4.873699751776502,1.005344737533953
4.873699751776502,1.1145333321261903
4.873699751776502,1.1547368276688879
4.873699751776502,1.1743145251689397
4.873699751776502,1.1329227633125727
4.873699751776502,0.9572709908517661
4.873699751776502,1.0953124896108817
4.873699751776502,1.0026609098153025
4.873699751776502,1.0781235406016128
4.873699751776502,1.0773309610144848
4.873699751776502,0.9069815932449724
4.873699751776502,1.065033396720371
4.873699751776502,1.0122612704319258
4.873699751776502,1.2616071342973203
4.873699751776502,1.157520851409427
4.873699751776502,1.2532083699016272
4.873699751776502,1.2229915445689972
4.873699751776502,1.0208643947526204
4.873699751776502,0.9585313988271048
4.873699751776502,1.0498232971129537
4.873699751776502,1.1012441000136302
4.873699751776502,1.1331919075774053
4.873699751776502,1.1551323393690507
4.873699751776502,1.174795558620582
4.873699751776502,1.13808474697588
4.873699751776502,1.1537894202775152
4.873699751776502,1.1563182743772824
4.873699751776502,1.1377062637615865
4.873699751776502,1.0702886775436782
4.873699751776502,1.1436062359784558
4.873699751776502,0.9755559327619263
4.873699751776502,1.0558676938229425
4.873699751776502,1.2059517701542142
4.873699751776502,1.180464057179505
4.873699751776502,1.168790860057532
4.873699751776502,1.152320273894943
4.873699751776502,1.2914317249710325
4.873699751776502,1.2741932675816947
4.873699751776502,1.2132538342385935
4.873699751776502,1.1904740502855535
4.873699751776502,1.1578340939058653
4.873699751776502,1.097220068899918
4.873699751776502,1.1691036578019398
4.873699751776502,1.2937769047878005
4.873699751776502,1.2596062164143453
4.873699751776502,1.2529515172014205
4.873699751776502,1.3819770599876748
4.873699751776502,1.1204993196808735
4.873699751776502,1.200376603771237
4.873699751776502,1.2644448658077152
4.873699751776502,1.2671187849175234
4.873699751776502,1.2447020789248013
4.873699751776502,1.1660642737806313
4.873699751776502,1.177267246812942
4.873699751776502,0.9765669667820142
4.873699751776502,1.1519583596231413
4.873699751776502,1.0452503446805526
4.873699751776502,1.0086545718399063
4.873699751776502,1.1301271792733452
4.873699751776502,1.1291001707748962
4.873699751776502,1.1370338457578102
4.873699751776502,0.9324617015587762
4.873699751776502,0.9417228685029202
4.873699751776502,0.9251255174089306
4.873699751776502,0.8804716114080181
4.873699751776502,0.8250108801905278
4.873699751776502,0.8531383419978067
4.873699751776502,0.7305501401362017
4.873699751776502,0.8344783463208039
4.873699751776502,0.8242349754329751
4.873699751776502,0.8778790473625168
4.873699751776502,0.9479809642752703
4.873699751776502,0.8603287779591781
4.873699751776502,0.8494723196265769
4.873699751776502,0.9877036857892482
4.873699751776502,0.9877959639624934
4.873699751776502,0.948377804514234
4.873699751776502,1.0840540504292728
4.873699751776502,1.0311803812831837
4.873699751776502,1.0023025550466222
4.873699751776502,1.1249253631428395
4.873699751776502,1.0210385968605495
4.873699751776502,0.8915369983661787
4.873699751776502,1.0979109576591624
4.873699751776502,0.9010914541879838
4.873699751776502,1.0101510289326603
4.873699751776502,1.1339501882183467
4.873699751776502,1.2795271017281877
4.873699751776502,1.0868972670197299
4.873699751776502,1.213665496544297
4.873699751776502,1.1757003667005568
4.873699751776502,1.0100118838468528
4.873699751776502,1.0646036863535708
4.873699751776502,1.093557856405037
4.873699751776502,1.0850015864349667
4.873699751776502,1.006857913258511
4.873699751776502,1.003276037593561
4.873699751776502,0.9750018558694453
4.873699751776502,1.1559877824505016
4.873699751776502,1.136609676684651
4.873699751776502,1.1323297086353243
4.873699751776502,1.1448995634259151
4.873699751776502,1.1757353400143682
4.873699751776502,1.2331316593251112
4.873699751776502,1.0879746950051612
4.873699751776502,0.921522488533522
4.873699751776502,1.1052388687679806
4.873699751776502,1.2425184497769162
4.873699751776502,1.1292282742202964
4.873699751776502,1.113081488946868
4.873699751776502,0.9271823718346345
4.873699751776502,1.1487033201971832
4.873699751776502,1.144602378159759
4.873699751776502,1.2720688158943023
4.873699751776502,1.1014586824136194
4.873699751776502,1.1174504358430675
4.873699751776502,1.0309560885050162
4.873699751776502,0.9090599183084017
4.873699751776502,0.9907296205396502
4.873699751776502,1.070607711602534
4.873699751776502,1.0440675054602424
4.873699751776502,0.9831954748836679
4.873699751776502,1.1401246625299086
4.873699751776502,0.8969387871448602
4.873699751776502,0.9492488294318112
4.873699751776502,1.0838605626863573
4.873699751776502,1.0035536046480011
4.873699751776502,0.9702367006640262
4.873699751776502,1.2190641755682192
4.873699751776502,1.3079400217621198
4.873699751776502,1.0814696798999919
4.873699751776502,1.085446351115962
4.873699751776502,1.1552717826149888
4.873699751776502,1.157347267988584
4.873699751776502,1.3203942749625366
4.873699751776502,1.239274583563153
4.873699751776502,1.140704756728534
4.873699751776502,1.1454701123496012
4.873699751776502,1.035753109917835
4.873699751776502,1.1120887819946559
4.873699751776502,1.1501588587910054
4.873699751776502,1.2230417574759138
4.873699751776502,1.4067260835300968
4.873699751776502,1.2749694570150423
4.873699751776502,1.135998194029618
4.873699751776502,0.9869176024250175
4.873699751776502,1.2516576087568967
4.873699751776502,0.9840274637664091
4.873699751776502,1.2349349438932062
4.873699751776502,1.347233132989467
4.873699751776502,1.3257050931315806
4.873699751776502,1.1653320458367518
4.873699751776502,1.0702567829355685
4.873699751776502,0.9450085836556944
4.873699751776502,1.0947679407879916
4.873699751776502,1.10158957377701
4.873699751776502,1.1066297837249603
4.873699751776502,1.1247621284101577
4.873699751776502,1.0177660535600093
4.873699751776502,0.9644325358197279
4.873699751776502,0.9912703356571105
4.873699751776502,1.0036861632026346
4.873699751776502,1.2179532765471393
4.873699751776502,1.1580535260473492
4.873699751776502,1.0012186933896483
4.873699751776502,1.0841128895158387
4.873699751776502,1.0923502267871064
4.873699751776502,1.1888024005528726
4.873699751776502,0.8640026304528501
4.873699751776502,1.0819038563568346
4.873699751776502,1.1134163270618982
4.873699751776502,1.1290843914070887
4.873699751776502,1.1059126089042914
4.873699751776502,1.3735568203185584
4.873699751776502,1.345816332341358
4.873699751776502,1.2089585256547066
4.873699751776502,1.1327829612741347
4.873699751776502,1.191852249006747
4.873699751776502,1.011598608122648
4.873699751776502,1.1181276517100927
4.873699751776502,1.1793435779217485
4.873699751776502,1.0710213728044928
4.873699751776502,0.9995861570753578
4.873699751776502,1.0953904275462434
4.873699751776502,1.2075702277634452
4.873699751776502,1.058428951414627
4.873699751776502,1.0437968922395044
4.873699751776502,1.0414883488576534
4.873699751776502,1.025754528821369
4.873699751776502,1.2002910122895105
4.873699751776502,1.0838329207470652
4.873699751776502,1.180769415794055
4.873699751776502,1.0282900862953754
4.873699751776502,1.0593759757438677
4.873699751776502,0.9789856143970969
4.873699751776502,0.9990573962218102
4.873699751776502,1.068961698233961
4.873699751776502,0.8616138667738257
4.873699751776502,0.9609642820743015
4.873699751776502,1.1271081709731778
4.873699751776502,1.0144456993041497
4.873699751776502,1.149331807377401
4.873699751776502,1.1117607640030642
4.873699751776502,1.2558884822656156
4.873699751776502,1.0582922066880456
4.873699751776502,1.3717062647761462
4.873699751776502,1.3347410375446012
4.873699751776502,1.4132386818664397
4.873699751776502,1.1906562180688098
4.873699751776502,1.0847482022142
4.873699751776502,1.2751569272220078
4.873699751776502,1.1358937189865457
4.873699751776502,1.0845938657989134
4.873699751776502,1.103022961602544
4.873699751776502,1.1838999458320199
4.873699751776502,1.0351531846399402
4.873699751776502,1.0856948120134111
4.873699751776502,1.0484272479178303
4.873699751776502,0.9891908526658479
4.873699751776502,1.0634674241785125
4.873699751776502,1.2465658420863985
4.873699751776502,1.1319830646358016
4.873699751776502,1.2923200500599867
4.873699751776502,1.2014480450229608
4.873699751776502,1.28031745684158
4.873699751776502,1.2138953463740922
4.873699751776502,1.2829791420268375
4.873699751776502,1.280122422478257
4.873699751776502,1.0144433729204791
4.873699751776502,1.2101713385988002
4.873699751776502,1.101463220712265
4.873699751776502,1.0374877765656105
4.873699751776502,1.0418200352808227
4.873699751776502,1.1530209595021081
4.873699751776502,1.1048483099420474
4.873699751776502,1.1021573517727734
4.873699751776502,1.1139979038782712
4.873699751776502,1.005510198797814
4.873699751776502,1.0513471303348785
4.873699751776502,1.043472514616141
4.873699751776502,1.099302767894457
4.873699751776502,1.0798810055642427
4.873699751776502,0.9952861729638943
4.873699751776502,1.0073733461857566
4.873699751776502,1.038123427120785
4.873699751776502,0.9476112580075237
4.873699751776502,1.1015583935575193
4.873699751776502,1.074895544699575
4.873699751776502,0.9353076565476257
4.873699751776502,0.9244485814033142
4.873699751776502,1.0201154260793086
4.873699751776502,1.1813931616703137
4.873699751776502,1.1318182140488573
4.873699751776502,1.198565985015173
4.873699751776502,1.104631630102855
4.873699751776502,1.210375795496219
4.873699751776502,1.065458163849768
4.873699751776502,1.1680389590686757
4.873699751776502,1.1949752881725002
4.873699751776502,1.2134537676677999
4.873699751776502,1.1663048015902653
4.873699751776502,1.2862475197016896
4.873699751776502,1.234029786145087
4.873699751776502,1.1151525250036514
4.873699751776502,1.2132358893869335
4.873699751776502,1.2248721643849723
4.873699751776502,1.3089381609346624
4.873699751776502,1.1476714245336992
4.873699751776502,1.0844775582468718
4.873699751776502,1.0674700798516152
4.873699751776502,1.1862539669913104
4.873699751776502,1.0313167435029114
4.873699751776502,0.9785647572035786
4.873699751776502,1.1374573350259936
4.873699751776502,1.0297692601380246
4.873699751776502,1.0273902540787603
4.873699751776502,1.163765065366256
4.873699751776502,1.0175735628601819
4.873699751776502,1.1472724645205563
4.873699751776502,0.9855152659710078
4.873699751776502,1.021822509962332
4.873699751776502,0.90172847767228
4.873699751776502,0.9150759409344699
4.873699751776502,0.7580325288266365
4.873699751776502,0.6724721939813972
4.873699751776502,0.8616577731627502
4.873699751776502,0.9196033488546925
4.873699751776502,0.967504876273781
4.873699751776502,0.8771452158908501
4.873699751776502,0.9758940367919049
4.873699751776502,0.8378612824140544
4.873699751776502,0.8558008344784754
4.873699751776502,0.7112295038475767
4.873699751776502,0.7263844973045285
4.873699751776502,0.8648189105811322
4.873699751776502,0.8901110751906552
4.873699751776502,0.7422256386882908
4.873699751776502,0.915476519472445
4.873699751776502,0.7342961500503762
4.873699751776502,0.7851876515385486
4.873699751776502,0.6235533600391289
4.873699751776502,0.833434351833747
4.873699751776502,0.8729372413100659
4.873699751776502,0.9436522244345539
4.873699751776502,0.9542731718632123
4.873699751776502,0.8618862447893046
4.873699751776502,1.071353181926295
4.873699751776502,0.97426264758376
4.873699751776502,0.910197551390044
4.873699751776502,1.023808393259312
4.873699751776502,0.859247721686802
4.873699751776502,0.8523724617447588
4.873699751776502,1.0168557628350794
4.873699751776502,1.0198078276414753
4.873699751776502,1.0820157731152609
4.873699751776502,0.905510171488416
4.873699751776502,1.1421335711680176
4.873699751776502,0.946857794685499
4.873699751776502,0.9431729628729623
4.873699751776502,1.0315143722886113
4.873699751776502,1.0562239271287939
4.873699751776502,1.2110958764183104
4.873699751776502,1.1296116303110326
4.873699751776502,1.1002840455041125
4.873699751776502,1.0470334165059811
4.873699751776502,0.9803226132332254
4.873699751776502,0.8760884847847035
4.873699751776502,0.8636044720845869
4.873699751776502,0.8042122776298427
4.873699751776502,0.9152416786887593
4.873699751776502,0.7209883124984451
4.873699751776502,0.899836222514168
4.873699751776502,0.8822409572861011
4.873699751776502,1.0338465129548595
4.873699751776502,0.9583122045681859
4.873699751776502,1.0600589642515819
4.873699751776502,0.8316768337415716
4.873699751776502,0.9173582320629684
4.873699751776502,0.9344709440734107
4.873699751776502,1.0075778172176
4.873699751776502,1.0600371847243442
4.873699751776502,1.0552608596935167
4.873699751776502,1.0327512153462541
4.873699751776502,1.124952745535882
4.873699751776502,1.0677337067345503
4.873699751776502,1.0880178222178636
4.873699751776502,0.9743775897779234
4.873699751776502,0.9877492874383325
4.873699751776502,0.9369113375116981
4.873699751776502,1.0365456572426532
4.873699751776502,1.160988291138068
4.873699751776502,0.9696325009176788
4.873699751776502,1.0485159599158302
4.873699751776502,0.9753157382723827
4.873699751776502,1.009708094168378
4.873699751776502,1.0022233078519966
4.873699751776502,0.9143450745350892
4.873699751776502,1.0631629911992564
4.873699751776502,1.036744537906301
4.873699751776502,1.039077062510718
4.873699751776502,1.0277451640553132
4.873699751776502,1.0667373571686942
4.873699751776502,1.0372747146733836
4.873699751776502,0.9569731791971001
4.873699751776502,1.0523736408666566
4.873699751776502,1.1120617197760978
4.873699751776502,1.4076889230118732
4.873699751776502,1.1120863221528312
4.873699751776502,1.0449059825866163
4.873699751776502,1.0698264890460454
4.873699751776502,1.012931851004464
4.873699751776502,1.0554375234289473
4.873699751776502,1.0519965816920127
4.873699751776502,1.2272383368512843
4.873699751776502,1.2245394191296401
4.873699751776502,1.2831481394132274
4.873699751776502,1.0764506479901026
4.873699751776502,1.2852833293411312
4.873699751776502,0.887067534978792
4.873699751776502,1.0527604600025964
4.873699751776502,0.917827615766242
4.873699751776502,0.967977432703125
4.873699751776502,0.9830892491393791
4.873699751776502,0.9214823311129313
4.873699751776502,1.0062601936957545
4.873699751776502,0.9570369227569515
4.873699751776502,0.9196884016419955
4.873699751776502,0.9809118711882119
4.873699751776502,0.9801622244788359
4.873699751776502,0.9354879299629165
4.873699751776502,0.9997269770235377
4.873699751776502,1.0307828092078746
4.873699751776502,0.9340670292147144
4.873699751776502,1.0020358672722385
4.873699751776502,1.2403271478868445
4.873699751776502,0.8988102467300271
4.873699751776502,1.073242499664958
4.873699751776502,1.137642998145113
4.873699751776502,0.9838620431045733
4.873699751776502,1.0455360158120477
4.873699751776502,1.0289158736529758
4.873699751776502,0.9830666600396878
4.873699751776502,1.1409333122128171
4.873699751776502,1.0703485938343626
4.873699751776502,0.9422185199564078
4.873699751776502,1.1291614195307054
4.873699751776502,1.0981026896585946
4.873699751776502,1.2646332502776358
4.873699751776502,0.9570865235747735
4.873699751776502,0.9894123852980903
4.873699751776502,0.987795456761522
4.873699751776502,1.0118208100169637
4.873699751776502,1.1344777551172134
4.873699751776502,1.2123158565365075
4.873699751776502,1.0205794484722694
4.873699751776502,1.0765896109788125
4.873699751776502,0.9986038949431141
4.873699751776502,1.05192454604499
4.873699751776502,0.985765736823062
4.873699751776502,1.2862824579304464
4.873699751776502,0.8727546726369475
4.873699751776502,1.1410745111691623
4.873699751776502,0.9691278292019172
4.873699751776502,1.1056061906490653
4.873699751776502,1.0550582904339931
4.873699751776502,0.8807593516379558
4.873699751776502,1.116534480268894
4.873699751776502,0.9534349351559928
4.873699751776502,1.0690148119119096
4.873699751776502,0.946452749128563
4.873699751776502,1.0074413282234782
4.873699751776502,1.119048570013002
4.873699751776502,1.0674403710029627
4.873699751776502,1.2481160827926767
4.873699751776502,1.1561394045588853
4.873699751776502,1.160751991757283
4.873699751776502,1.2250677860853252
4.873699751776502,1.0847519210357945
4.873699751776502,1.1374762337926754
4.873699751776502,1.2001113124004614
4.873699751776502,0.8752973520584764
4.873699751776502,1.0088727823170518
4.873699751776502,1.1054875973330442
4.873699751776502,1.1144909367694715
4.873699751776502,1.2814368789247086
4.873699751776502,1.2388316761483444
4.873699751776502,0.9691467354485949
4.873699751776502,0.7879116943571232
4.873699751776502,0.7941539055286505
4.873699751776502,0.8929999901266681
4.873699751776502,1.1381656439887633
4.873699751776502,1.0217012503606155
4.873699751776502,1.1210875861635226
4.873699751776502,1.0910350044780723
4.873699751776502,1.136678480951589
4.873699751776502,1.243132621461344
4.873699751776502,1.101301990694789
4.873699751776502,1.2738037175198933
4.873699751776502,0.9512626311078676
4.873699751776502,1.0077378390210663
4.873699751776502,0.9084032352765457
4.873699751776502,0.9322527769854688
4.873699751776502,1.0404998375368069
4.873699751776502,0.9833177497371205
4.873699751776502,1.1428263498551636
4.873699751776502,0.8960382995256762
4.873699751776502,0.9849324243617132
4.873699751776502,1.3232230907106894
4.873699751776502,1.2986463145313372
4.873699751776502,1.2550364554833089
4.873699751776502,1.201433439117736
4.873699751776502,1.077288069527997
4.873699751776502,1.2902620002214829
4.873699751776502,1.3402882517718795
4.873699751776502,1.1482858497537982
4.873699751776502,1.1895567701968326
4.873699751776502,1.1209278761681731
4.873699751776502,1.1889490805097183
4.873699751776502,1.1472358266628664
4.873699751776502,1.0095751772049295
4.873699751776502,1.0015093932252135
4.873699751776502,1.0522751532545425
4.873699751776502,1.380229839796265
4.873699751776502,1.178740580095836
4.873699751776502,1.1008018271257143
4.873699751776502,1.1229880314968046
4.873699751776502,0.8943216810030505
4.873699751776502,1.1519113826719038
4.873699751776502,1.1610541741850746
4.873699751776502,1.2423960697686576
4.873699751776502,1.2236953481129567
4.873699751776502,1.105347487365017
4.873699751776502,1.0146856518964604
4.873699751776502,1.0167257590051944
4.873699751776502,1.1088493355671334
4.873699751776502,1.0807921436536663
4.873699751776502,1.1237388544141895
4.873699751776502,0.9812821401109827
4.873699751776502,1.0982601655662652
4.873699751776502,1.1830602192001929
4.873699751776502,1.346314044079718
4.873699751776502,1.1623773468218022
4.873699751776502,1.2749472380601758
4.873699751776502,1.286950220598736
4.873699751776502,1.2205673635566612
4.873699751776502,1.2339484514567447
4.873699751776502,1.4760097783851827
4.873699751776502,1.3968955222165265
4.873699751776502,1.3767331841996597
4.873699751776502,1.3403699387232357
4.873699751776502,1.2635317379619786
4.873699751776502,1.0934972800957277
4.873699751776502,1.0436732961916662
4.873699751776502,1.159702743794028
4.873699751776502,1.0025676151445253
4.873699751776502,0.9873357745431875
4.873699751776502,1.0487328330085608
4.873699751776502,1.0493675087447676
4.873699751776502,0.9807030114118194
4.873699751776502,1.0752768906520331
4.873699751776502,1.0339267988640586
4.873699751776502,0.8307854757164783
4.873699751776502,0.9476345282089816
4.873699751776502,0.8800350333182271
4.873699751776502,0.8312669837876043
4.873699751776502,1.0493503576198435
4.873699751776502,0.9559130303997443
4.873699751776502,1.1646337735561367
4.873699751776502,1.0001393482946968
4.873699751776502,1.147632877978174
4.873699751776502,0.9551939320003623
4.873699751776502,1.2963096653894974
4.873699751776502,1.2386940387730385
4.873699751776502,1.1323386576542613
4.873699751776502,1.2885793751294554
4.873699751776502,1.0574541525631924
4.873699751776502,1.0008952698896871
4.873699751776502,1.1475621199952941
4.873699751776502,1.378034978008683
4.873699751776502,1.1877272539940749
4.873699751776502,0.971703851662236
4.873699751776502,0.9339569177395892
4.873699751776502,0.8267137500530887
4.873699751776502,0.9741538860281607
4.873699751776502,1.2390069767783571
4.873699751776502,1.1491110443715356
4.873699751776502,1.0399543282087664
4.873699751776502,1.1538424526021647
4.873699751776502,1.1855435995851302
4.873699751776502,1.2763560534685578
4.873699751776502,1.2239534147406195
4.873699751776502,1.1924266092453302
4.873699751776502,1.2308548641043535
4.873699751776502,1.1289731689006643
4.873699751776502,1.040420392324537
4.873699751776502,1.0082692477270112
4.873699751776502,1.0749153369696747
4.873699751776502,1.1092432735495514
4.873699751776502,1.1613583969659629
4.873699751776502,1.032865664178539
4.873699751776502,0.999593851778713
4.873699751776502,1.0238849523601883
4.873699751776502,1.0390539722473293
4.873699751776502,0.8671065394547416
4.873699751776502,0.9201701533085136
4.873699751776502,0.9230759157847354
4.873699751776502,0.7965525466423534
4.873699751776502,0.8815884273138965
4.873699751776502,0.9142040172310535
4.873699751776502,1.090311455522242
4.873699751776502,1.0297909571406085
4.873699751776502,1.1117822006950515
4.873699751776502,0.9968896310858175
4.873699751776502,1.1509068974729417
4.873699751776502,0.9979312230180932
4.873699751776502,1.0960804681096508
4.873699751776502,0.9746363789886361
4.873699751776502,0.9893516257551592
4.873699751776502,0.959095770784722
4.873699751776502,0.9992319312403947
4.873699751776502,0.9978203041113526
4.873699751776502,1.0680694190186648
4.873699751776502,0.8492982507675112
4.873699751776502,0.8925323262274448
4.873699751776502,0.9569693095294068
4.873699751776502,0.8935242540634221
4.873699751776502,1.0168836846327027
4.873699751776502,1.003229346050614
4.873699751776502,1.0827852211273152
4.873699751776502,0.8054487859531968
4.873699751776502,1.0099823278754165
4.873699751776502,1.1078115917572884
4.873699751776502,0.9910009105632416
4.873699751776502,1.0128183017887882
4.873699751776502,1.1334409207524248
4.873699751776502,1.0003695130574433
4.873699751776502,1.0389525212461566
4.873699751776502,0.9332926766826997
4.873699751776502,0.8564255862434451
4.873699751776502,1.0596990984579149
4.873699751776502,0.9937181661122054
4.873699751776502,0.9947946605669952
4.873699751776502,0.9854157454971977
4.873699751776502,0.9746319716851214
4.873699751776502,1.0721923089938183
4.873699751776502,0.8212451138410481
4.873699751776502,0.8787141867952314
4.873699751776502,0.9947119798075433
4.873699751776502,0.9636276034898447
4.873699751776502,1.0229447687178173
4.873699751776502,1.006117715667155
4.873699751776502,1.1784393641793292
4.873699751776502,1.195931498759345
4.873699751776502,0.9840345621251413
4.873699751776502,1.1167894026229184
4.873699751776502,1.051399162509036
4.873699751776502,1.1415198407774283
4.873699751776502,1.0247488179783324
4.873699751776502,1.0710750023440863
4.873699751776502,0.877399048435964
4.873699751776502,0.9218223301162436
4.873699751776502,0.9361631067037337
4.873699751776502,0.960154489115403
4.873699751776502,1.0025593810969018
4.873699751776502,1.066363815910154
4.873699751776502,1.0556102538339491
4.873699751776502,0.9431414546915562
4.873699751776502,0.9778114149665867
4.873699751776502,1.0890644258703637
4.873699751776502,1.0429775521026172
4.873699751776502,1.1090122083019422
4.873699751776502,0.9687021567531683
4.89071858393062,1.0111724678223322
4.89071858393062,0.9011220261153406
4.89071858393062,0.9375878463089256
4.89071858393062,0.9551961853758875
4.89071858393062,0.9617942186160809
4.89071858393062,0.8605866627115347
4.89071858393062,0.9049541126438624
4.89071858393062,0.8520686606760285
4.89071858393062,0.8665132004958385
4.89071858393062,1.0165431009503243
4.89071858393062,1.1097950145146294
4.89071858393062,0.9962294226390952
4.89071858393062,0.9736739328250767
4.89071858393062,0.9525036835722624
4.89071858393062,0.8510737720734408
4.89071858393062,0.9893180659373303
4.89071858393062,0.9678531991008833
4.89071858393062,0.9322330240917194
4.89071858393062,0.9630117687514191
4.89071858393062,0.9483020571248598
4.89071858393062,0.8083093181245377
4.89071858393062,0.8719824490612278
4.89071858393062,0.9462984254497049
4.89071858393062,1.0158174943619103
4.89071858393062,0.9859175403852675
4.89071858393062,0.7747290791104681
4.89071858393062,0.871847080381079
4.89071858393062,0.8573611793156508
4.89071858393062,0.8554251440945345
4.89071858393062,0.9554491493909028
4.89071858393062,0.7733569517466864
4.89071858393062,0.8884182024850088
4.89071858393062,0.725720149328051
4.89071858393062,0.7139732281712401
4.89071858393062,0.7339450712326155
4.89071858393062,0.8498334328248682
4.89071858393062,0.7737149052034589
4.89071858393062,0.6870009156726017
4.89071858393062,0.7815493466421591
4.89071858393062,0.954593739994767
4.89071858393062,0.9941981181079558
4.89071858393062,0.9537258458821439
4.89071858393062,0.9514527790206568
4.89071858393062,0.8514421511661527
4.89071858393062,0.8697117071019581
4.89071858393062,0.7163187133512575
4.89071858393062,0.8504445512695048
4.89071858393062,0.9631547987282955
4.89071858393062,0.8928972721080956
4.89071858393062,0.784258441922654
4.89071858393062,0.9079264304594943
4.89071858393062,0.9598063628830661
4.89071858393062,0.9844681068702346
4.89071858393062,0.8766706021228405
4.89071858393062,0.9400934026652856
4.89071858393062,0.9242556029000608
4.89071858393062,0.9894173599216938
4.89071858393062,0.9096994264394491
4.89071858393062,0.9547501729805852
4.89071858393062,0.9465626859475339
5.086409399006832,1.0852216099261693
5.086409399006832,1.2115940043153965
5.086409399006832,1.0457229994116408
5.086409399006832,0.997809078458623
5.086409399006832,1.090207892464014
5.086409399006832,1.05203957837465
5.086409399006832,1.2027895727507705
5.086409399006832,1.1714852518207886
5.086409399006832,1.144798797030698
5.086409399006832,1.1107119534893513
5.086409399006832,1.1896105264302563
5.086409399006832,1.0605173552735268
5.086409399006832,0.8594011399361612
5.086409399006832,1.0839740815939483
5.086409399006832,0.9526080616561831
5.086409399006832,1.0345340308107043
5.086409399006832,1.0114774976678889
5.086409399006832,0.895512667920324
5.086409399006832,1.1415993477842614
5.086409399006832,1.1491594284786015
5.086409399006832,1.0572035201440062
5.086409399006832,0.9637511772224322
5.086409399006832,0.9948074725171434
5.086409399006832,0.9476966652238146
5.086409399006832,0.9599986980852295
5.086409399006832,0.8793841374064222
5.086409399006832,0.8021866796874451
5.086409399006832,0.9427051167718484
5.086409399006832,0.9164601583024633
5.086409399006832,0.9092326642539648
5.086409399006832,0.9058813994062344
5.086409399006832,0.9030904451420249
5.086409399006832,0.908758113143389
5.086409399006832,0.9154371779455842
5.086409399006832,0.8031573454873473
5.086409399006832,0.8014028772070413
5.086409399006832,0.8963113415483275
5.086409399006832,0.6651897844953498
5.086409399006832,0.6970040598760158
5.086409399006832,0.7961211074007677
5.086409399006832,0.8453541694995
5.086409399006832,0.7697870747206922
5.086409399006832,0.5895074673406062
5.086409399006832,0.6524582183098024
5.086409399006832,0.6232344229533288
5.086409399006832,0.6205763477293705
5.086409399006832,0.6808866994365504
5.086409399006832,0.6824003762831402
5.086409399006832,0.8167417017790042
5.086409399006832,0.6219535281440517
5.086409399006832,0.6742701678966596
5.086409399006832,0.6193729685042871
5.086409399006832,0.7176035136736495
5.086409399006832,0.703460193679139
5.086409399006832,0.7908297164684759
5.086409399006832,0.7764663104437178
5.086409399006832,0.7862064523150232
5.086409399006832,0.8099412898062176
5.086409399006832,0.7161519720812055
5.086409399006832,0.8583696969465374
5.086409399006832,0.8208110532858756
5.086409399006832,0.7502145730236184
5.086409399006832,0.8839293672623245
5.086409399006832,0.7005358513009685
5.086409399006832,0.8079430278754046
5.086409399006832,0.7529171446646692
5.086409399006832,0.7950278944563635
5.086409399006832,0.9073920474943589
5.086409399006832,0.8425003717495794
5.086409399006832,0.6475893955026517
5.086409399006832,0.8396981117444222
5.086409399006832,0.7593828903278094
5.086409399006832,0.6591266505074905
5.086409399006832,0.7564184714729475
5.086409399006832,0.7444560022234648
5.086409399006832,0.7123575635655076
5.086409399006832,0.6155667094163804
5.086409399006832,0.6245638759378289
5.086409399006832,0.6968122599328813
5.086409399006832,0.6664937799841831
5.086409399006832,0.690727984635148
5.086409399006832,0.6710520558589852
5.086409399006832,0.7359510316799974
5.086409399006832,0.7374053344804068
5.086409399006832,0.7977716702945996
5.086409399006832,0.5985139003165725
5.086409399006832,0.6431930730480748
5.086409399006832,0.6184731968309093
5.086409399006832,0.6039425681205497
5.086409399006832,0.6923851887863515
5.086409399006832,0.7116792600674838
5.086409399006832,0.6693581262720005
5.086409399006832,0.7222106779399856
5.086409399006832,0.7416539371813194
5.086409399006832,0.5699160824658684
5.086409399006832,0.6221220713600986
5.086409399006832,0.7027941379664628
5.086409399006832,0.7898558771309457
5.086409399006832,0.7493403480949732
5.086409399006832,0.754193679572473
5.086409399006832,0.7721145839035762
5.086409399006832,0.6965172717380196
5.086409399006832,0.846830247696009
5.086409399006832,0.8190379674530319
5.086409399006832,0.7369030108077205
5.086409399006832,0.7130221640696177
5.086409399006832,0.7499179778734114
5.086409399006832,0.7757408617024805
5.086409399006832,0.8446035229411776
5.086409399006832,0.7325278750486988
5.086409399006832,0.8371628531442258
5.086409399006832,0.6995783455329287
5.086409399006832,0.7646133614101706
5.086409399006832,0.6718095488122724
5.086409399006832,0.6559177011593164
5.086409399006832,0.8305002835338053
5.086409399006832,0.9107187044861954
5.086409399006832,0.6734612810274085
5.086409399006832,0.6777540619170652
5.086409399006832,0.7226962057372152
5.086409399006832,0.6889825742546751
5.086409399006832,0.7882851820237863
5.086409399006832,0.8347202014033517
5.086409399006832,0.8821607497220572
5.086409399006832,0.8101923727585765
5.086409399006832,0.9029869027697606
5.086409399006832,0.7508147355950456
5.086409399006832,0.7626038724057294
5.086409399006832,0.6357203727316525
5.086409399006832,0.7883135661839039
5.086409399006832,0.7478854383296804
5.086409399006832,0.7852019972172225
5.086409399006832,0.7387015839922942
5.086409399006832,0.6669162634830689
5.086409399006832,0.7332107157244429
5.086409399006832,0.8084288734876701
5.086409399006832,0.7504437767152763
5.086409399006832,0.790413251350298
5.086409399006832,0.7142989592208462
5.086409399006832,0.6625080976461855
5.086409399006832,0.7525153333558814
5.086409399006832,0.7195704298288461
5.086409399006832,0.72209030960294
5.086409399006832,0.6814709416631848
5.086409399006832,0.845121992702799
5.086409399006832,0.8041173556272266
5.086409399006832,0.664376313964413
5.086409399006832,0.6936806109489074
5.086409399006832,0.9152254643140575
5.086409399006832,0.7694214752593673
5.086409399006832,0.7781199247834225
5.086409399006832,0.7604307633849233
5.086409399006832,0.8111708366714048
5.086409399006832,0.7555084061206578
5.086409399006832,0.8555092403153338
5.086409399006832,0.9150443824759907
5.086409399006832,0.887213753309633
5.086409399006832,0.7644259350456947
5.086409399006832,0.6923273261926762
5.086409399006832,0.742279206630841
5.086409399006832,0.8082262211857937
5.086409399006832,0.951729540774084
5.086409399006832,0.9068055279582357
5.086409399006832,0.8416856814749426
5.086409399006832,0.9723458629028056
5.086409399006832,0.8690790158474548
5.086409399006832,0.8391484556954915
5.086409399006832,0.8174539792514897
5.086409399006832,0.8384393732820081
5.086409399006832,0.8631982525024555
5.086409399006832,0.8341999118413851
5.086409399006832,0.9234314333711814
5.086409399006832,0.9180793694230683
5.086409399006832,0.7792366067180475
5.086409399006832,0.8593751967125369
5.086409399006832,0.7782681560300784
5.086409399006832,0.7944418091482187
5.086409399006832,0.8060530303912965
5.086409399006832,0.8219526477974186
5.086409399006832,0.8083554921509087
5.086409399006832,0.7884756058180193
5.086409399006832,0.7914370576774516
5.086409399006832,0.8917764825349698
5.086409399006832,0.8386652928291444
5.086409399006832,0.8193829282297146
5.086409399006832,0.6615526699504224
5.086409399006832,0.7608433671642321
5.086409399006832,0.7534846310079303
5.086409399006832,0.7245781333231442
5.086409399006832,0.7745137123745077
5.086409399006832,0.6977219898029354
5.086409399006832,0.6003977105383783
5.086409399006832,0.6333792042545108
5.086409399006832,0.7014661170676809
5.086409399006832,0.8154803710585423
5.086409399006832,0.8460425242595826
5.086409399006832,0.6081187573820167
5.086409399006832,0.5845230330599119
5.086409399006832,0.6261454001716682
5.086409399006832,0.5883301370372565
5.086409399006832,0.7240940059713765
5.086409399006832,0.6421859038629735
5.086409399006832,0.7824908529639222
5.086409399006832,0.7277238467612964
5.086409399006832,0.617853262211283
5.086409399006832,0.7661420712610874
5.086409399006832,0.6626844781336407
5.086409399006832,0.7080605869741269
5.086409399006832,0.7258260658008806
5.086409399006832,0.6688061259492126
5.086409399006832,0.6246103603238473
5.086409399006832,0.68411563868043
5.086409399006832,0.597441923468195
5.086409399006832,0.6837241181907902
5.086409399006832,0.7610532506598098
5.086409399006832,0.6512081983303688
5.086409399006832,0.6592518495791114
5.086409399006832,0.6635398612853814
5.086409399006832,0.7228943924183988
5.086409399006832,0.7038048802915908
5.086409399006832,0.7144654464941457
5.086409399006832,0.717695873052356
5.086409399006832,0.538269468392906
5.086409399006832,0.641971172943636
5.086409399006832,0.8140489170227251
5.086409399006832,0.7867116285378827
5.086409399006832,0.8197956822094636
5.086409399006832,0.62882213580465
5.086409399006832,0.7771560723225669
5.086409399006832,0.9019276736843858
5.086409399006832,0.9862027013131183
5.086409399006832,0.8205544874394787
5.086409399006832,0.8117808289297801
5.086409399006832,0.7978990665812247
5.086409399006832,0.8981741899311673
5.086409399006832,0.7648495627736367
5.086409399006832,0.7694244446764132
5.086409399006832,0.735410565530882
5.086409399006832,0.6581676384093138
5.086409399006832,0.7778736741055762
5.086409399006832,0.7839014143607453
5.564723381441845,0.7757673280579443
5.564723381441845,0.8358489247005911
5.564723381441845,0.7016545365086511
5.564723381441845,0.8146276869184953
5.564723381441845,0.7283894786914086
5.564723381441845,0.7385831178513564
5.564723381441845,0.7787589283099579
5.564723381441845,0.723656572588227
5.564723381441845,0.6580815359876583
5.564723381441845,0.8502817881847513
5.564723381441845,0.6396779450899512
5.564723381441845,0.7919116546969973
5.564723381441845,0.7320075104980787
5.564723381441845,0.7583746537371882
5.564723381441845,0.7727953222803036
5.564723381441845,0.7260909432329672
5.564723381441845,0.7802102510336587
5.564723381441845,0.7747924326070202
5.564723381441845,0.7435348442018171
5.564723381441845,0.8607310573271986
5.564723381441845,0.7031415112913468
5.564723381441845,0.7543095659175202
5.564723381441845,0.7608029186911665
5.564723381441845,0.7442958409514383
5.564723381441845,0.6703706976121696
5.564723381441845,0.7553424997607998
5.564723381441845,0.9614656908458286
5.564723381441845,0.8748955210473435
5.564723381441845,0.8025187381494259
5.564723381441845,0.8322165373699206
5.564723381441845,0.8721450316132189
5.564723381441845,0.8186703552508284
5.564723381441845,0.8072117361188859
5.564723381441845,0.8824898300857537
5.564723381441845,0.9024683851652393
5.564723381441845,0.7441604940259032
5.564723381441845,1.0519382164659619
5.564723381441845,0.8399290083188218
5.564723381441845,0.6730195289821834
5.564723381441845,0.8311587297612217
5.564723381441845,0.7740030828004766
5.564723381441845,0.8152407868459988
5.564723381441845,0.9846396259507969
5.564723381441845,0.9779867847621284
5.564723381441845,0.7403123410461968
5.564723381441845,0.7551161225239489
5.564723381441845,0.8336759540853568
5.564723381441845,0.9960977376386988
5.564723381441845,0.8986720119677332
5.564723381441845,1.026425325186296
5.564723381441845,0.9672414031995292
5.564723381441845,0.9935817908099206
5.564723381441845,0.9609231158662574
5.564723381441845,0.9318515456189772
5.564723381441845,0.887497152107936
5.564723381441845,0.9766005636106032
5.564723381441845,0.7677229644031874
5.564723381441845,0.8159899967203701
5.564723381441845,0.9614390943363847
5.564723381441845,0.9360338109384543
5.564723381441845,0.7557365250957037
5.564723381441845,0.7235120217128342
5.564723381441845,0.6712728597788672
5.564723381441845,0.8631824500279452
5.564723381441845,0.86839117698542
5.564723381441845,0.9466301019093688
5.564723381441845,0.7536360884550861
5.564723381441845,0.6571346710881256
5.564723381441845,0.6921933561322049
5.564723381441845,0.7784382391615029
5.564723381441845,0.7912309711797112
5.564723381441845,0.8637104281309967
5.564723381441845,1.0123747830195473
5.564723381441845,0.6937607054305781
5.564723381441845,0.8771558640058508
5.564723381441845,0.9119880926295291
5.564723381441845,0.928282319983936
5.564723381441845,0.810126612910331
5.564723381441845,0.8009298936543956
5.564723381441845,0.8542661654025598
5.564723381441845,0.9509641907331188
5.564723381441845,0.7979311324302876
5.564723381441845,1.0183764688287673
5.564723381441845,0.9356578375960098
5.564723381441845,0.9625502635635172
5.564723381441845,0.9123555260283306
5.564723381441845,1.0846906343245069
5.564723381441845,0.9057395258126294
5.564723381441845,0.9643551920068809
5.564723381441845,1.0935381858738462
5.564723381441845,0.9919338344348402
5.564723381441845,1.047587957262971
5.564723381441845,0.9795104384498031
5.564723381441845,0.8452512723111457
5.564723381441845,0.8508662591296489
5.564723381441845,0.8370326376407136
5.564723381441845,0.8816477161175938
5.564723381441845,0.8785177454158658
5.564723381441845,0.9514012249492745
5.564723381441845,0.8973314566005244
5.564723381441845,1.0260147060840907
5.564723381441845,1.1876839008288171
5.564723381441845,1.19603816010422
5.564723381441845,1.0285667480774405
5.564723381441845,1.08499404992162
5.564723381441845,1.0186284803057
5.564723381441845,1.0652634263126082
5.564723381441845,1.0129668698815528
5.564723381441845,1.1475917653845684
5.564723381441845,1.063029261836211
5.564723381441845,1.015288389215138
5.564723381441845,1.126942164620763
5.564723381441845,0.9722996932050736
5.564723381441845,1.0612889163615287
5.564723381441845,1.012699111487244
5.564723381441845,1.0639419339403067
5.564723381441845,1.0722006581027455
5.564723381441845,1.170831112028308
5.564723381441845,0.9830614022123882
5.564723381441845,1.0761059209675539
5.564723381441845,1.1441131406782257
